ID_UNAL,ID_CIAT,ID_AGRO,LONG,LAT,MSNM,en_tesis_dayana
C-AMA-068,S2021-216,LQAS21-010681,-76.45314228,3.622409148,939.0,True
C-AMA-085,S2021-216,LQAS21-010684,-76.45108092,3.622058113,940.6,True
C-AMA-091,S2021-216,LQAS21-010688,-76.43091205,3.608481274,944.7,True
C-AMA-079,S2021-216,LQAS21-010682,-76.42950137,3.581173453,944.3,True
C-AMA-110,S2021-218,LQAS21-010709,-76.42632868,3.527632727,947.3,True
C-AMA-104,S2021-216,LQAS21-010689,-76.42205095,3.639620967,944.6,True
C-AMA-090,S2021-216,LQAS21-010687,-76.41505223,3.551779753,950.6,True
C-AMA-088,S2021-216,LQAS21-010686,-76.4030397,3.586507235,952.7,True
C-AMA-116,S2021-216,LQAS21-010690,-76.39733414,3.618564955,955.6,True
C-AMA-087,S2021-218,LQAS21-010701,-76.39239737,3.53405735,957.1,True
C-AMA-084,S2021-216,LQAS21-010683,-76.38505097,3.639856791,958.5,True
C-AMA-086,S2021-216,LQAS21-010685,-76.37858416,3.626688528,964.5,True
C-AMA-080,S2021-218,LQAS21-010698,-76.37793171,3.5150526,959.7,True
C-AMA-105,S2021-218,LQAS21-010706,-76.37472865,3.653722136,961.7,True
C-AMA-074,S2021-218,LQAS21-010692,-76.36471253,3.519256418,964.0,True
C-AMA-113,S2021-218,LQAS21-010711,-76.3571109,3.509392133,965.7,True
C-AMA-112,S2021-218,LQAS21-010710,-76.33896254,3.538892852,978.1,True
C-AMA-092,S2021-218,LQAS21-010702,-76.33807886,3.528702949,978.2,True
C-AMA-082,S2021-218,LQAS21-010700,-76.33349782,3.559535193,984.5,True
C-AMA-111,S2021-218,LQAS21-010708,-76.33325709,3.528698674,979.1,True
C-AMA-078,S2021-218,LQAS21-010694,-76.33265535,3.568979209,983.9,True
C-AMA-075,S2021-218,LQAS21-010693,-76.32784188,3.48961365,975.2,True
C-AMA-064,S2021-218,LQAS21-010691,-76.31060634,3.610875062,998.7,True
C-AMA-093,S2021-218,LQAS21-010703,-76.30865729,3.616832835,1000.5,True
C-AMA-081,S2021-218,LQAS21-010699,-76.3068727,3.615029134,1000.3,True
C-AMA-101,S2021-218,LQAS21-010704,-76.30644707,3.6157698,1000.6,True
C-AMA-107,S2021-218,LQAS21-010707,-76.29712505,3.647494465,1010.5,True
C-AMA-103,S2021-218,LQAS21-010705,-76.29445843,3.629912879,1014.3,True
C-AMA-106,S2021-236,LQAS21-014130,-76.29332589,3.642307874,1014.6,True
C-AMA-108,S2021-236,LQAS21-014131,-76.29071427,3.565885118,1017.4,True
C-AMA-069,S2021-236,LQAS21-014122,-76.28510842,3.6225576,1020.3,True
C-AMA-077,S2021-236,LQAS21-014123,-76.28263236,3.583099261,1022.6,True
C-AMA-097,S2021-236,LQAS21-014128,-76.27250036,3.59439859,1029.3,True
C-AMA-083,S2021-236,LQAS21-014124,-76.26843181,3.51351445,1015.8,True
C-AMA-076,-,LQAS21-015964,-76.26262204,3.533060863,1037.8,True
C-AMA-096,S2021-236,LQAS21-015966,-76.24889613,3.607294275,1049.8,True
C-AMA-094,S2021-236,LQAS21-014125,-76.24793722,3.62853458,1061.5,True
C-AMA-109,-,LQAS21-015970,-76.2471857,3.550171201,1071.4,True
C-AMA-072,-,LQAS21-015962,-76.2358129,3.51879654,1049.7,True
C-AMA-114,-,LQAS21-015971,-76.23225628,3.56299345,1107.6,True
C-AMA-099,S2021-236,LQAS21-014129,-76.22781455,3.60883391,1075.3,True
C-AMA-098,-,LQAS21-015967,-76.22639264,3.575866935,1102.9,True
C-AMA-073,-,LQAS21-015963,-76.22044544,3.57880644,1105.4,True
C-AMA-060,S2021-236,LQAS21-014121,-76.21888458,3.622874324,1102.8,True
C-AMA-053,-,LQAS21-015944,-76.21790855,3.571360275,1128.0,True
C-AMA-115,-,LQAS21-015972,-76.21679129,3.57282374,1124.0,True
C-AMA-052,-,LQAS21-015943,-76.21477788,3.565939568,1153.9,True
C-AMA-095,S2021-236,LQAS21-014126,-76.21149674,3.613575556,1114.8,True
C-AMA-051,-,LQAS21-015942,-76.19742892,3.55743467,1314.1,True
C-AMA-048,-,LQAS21-015939,-76.19672534,3.558947128,1325.4,True
C-AMA-050,-,LQAS21-015941,-76.19440104,3.559390099,1347.9,True
C-AMA-067,-,LQAS21-015959,-76.19340366,3.54928707,1302.5,True
C-AMA-047,-,LQAS21-015938,-76.1926495,3.557924768,1390.6,True
C-AMA-062,-,LQAS21-015957,-76.19121867,3.558197954,1381.3,True
C-AMA-057,-,LQAS21-015948,-76.18461676,3.616236057,1189.6,True
C-AMA-058,-,LQAS21-015949,-76.18310024,3.615356175,1213.3,True
C-AMA-056,-,LQAS21-015947,-76.18195743,3.61629596,1182.3,True
C-AMA-049,-,LQAS21-015940,-76.17873793,3.557312745,1562.4,True
C-AMA-117,-,LQAS21-015973,-76.17472409,3.54129379,1779.7,True
C-AMA-055,-,LQAS21-015946,-76.17358446,3.609554741,1272.2,True
C-AMA-070,-,LQAS21-015960,-76.16317084,3.529377781,1968.5,True
C-AMA-065,-,LQAS21-015956,-76.16277158,3.610283972,1286.5,True
C-AMA-066,-,LQAS21-015958,-76.16088679,3.530086013,1983.0,True
C-AMA-023,-,LQAS21-015909,-76.15280879,3.528562977,2054.2,True
C-AMA-054,-,LQAS21-015945,-76.15235118,3.610186793,1410.3,True
C-AMA-036,-,LQAS21-015924,-76.15020332,3.538482746,2215.5,True
C-AMA-026,-,LQAS21-015912,-76.14100619,3.54037982,2249.6,True
C-AMA-061,-,LQAS21-015951,-76.13504852,3.617598405,1439.2,True
C-AMA-019,-,LQAS21-015905,-76.13005137,3.58580393,1712.3,True
C-AMA-034,-,LQAS21-015922,-76.1298899,3.579349537,1899.4,True
C-AMA-024,-,LQAS21-015910,-76.1291495,3.584032339,1748.8,True
C-AMA-020,-,LQAS21-015906,-76.12733448,3.583815142,1796.1,True
C-AMA-035,-,LQAS21-015923,-76.12725829,3.544161793,2361.6,True
C-AMA-027,-,LQAS21-015913,-76.12577604,3.544744682,2389.6,True
C-AMA-041,-,LQAS21-015932,-76.12299901,3.613977333,1427.1,True
C-AMA-042,-,LQAS21-015933,-76.12260257,3.60040952,1623.4,True
C-AMA-028,-,LQAS21-015914,-76.12252838,3.552111536,2406.7,True
C-AMA-018,-,LQAS21-015904,-76.12046019,3.598411088,1669.9,True
C-AMA-030,-,LQAS21-015915,-76.11857431,3.549966174,2412.1,True
C-AMA-040,-,LQAS21-015931,-76.11575897,3.55459062,2459.1,True
C-AMA-012,-,LQAS21-015898,-76.11214795,3.554164999,2475.7,True
C-AMA-031,-,LQAS21-015916,-76.10882938,3.54775267,2524.0,True
C-AMA-063,-,LQAS21-015955,-76.10818146,3.628696017,1668.0,True
C-AMA-033,-,LQAS21-015921,-76.10355622,3.543771442,2581.0,True
C-AMA-032,-,LQAS21-015917,-76.09950608,3.55117928,2667.8,True
C-AMA-025,-,LQAS21-015911,-76.09840533,3.55584602,2698.1,True
C-AMA-022,-,LQAS21-015908,-76.09464339,3.560988224,2737.9,True
C-AMA-089,-,LQAS21-015965,-76.09298802,3.64546329,1918.7,True
C-AMA-021,-,LQAS21-015907,-76.09241766,3.562548756,2729.6,True
C-AMA-044,-,LQAS21-015935,-76.09190016,3.65223927,1972.8,True
C-AMA-071,-,LQAS21-015961,-76.09130928,3.653120541,1965.9,True
C-AMA-029,-,LQAS22-000804,-76.08387967,3.601538314,1756.2,True
C-AMA-007,-,LQAS21-015893,-76.0831245,3.600326208,1766.7,True
C-AMA-043,-,LQAS21-015934,-76.08213376,3.600644474,1766.3,True
C-AMA-013,-,LQAS21-015899,-76.07931348,3.667759307,2020.0,True
C-AMA-100,-,LQAS21-015968,-76.07877667,3.73582048,2746.8,True
C-AMA-059,-,LQAS21-015950,-76.07753195,3.63546692,1681.3,True
C-AMA-010,-,LQAS21-015896,-76.07682111,3.696688567,2202.6,True
C-AMA-009,-,LQAS21-015895,-76.07593605,3.721799878,2478.4,True
C-AMA-037,-,LQAS21-015925,-76.07578704,3.69523857,2201.1,True
C-AMA-015,-,LQAS21-015901,-76.07433589,3.69046908,2183.1,True
C-AMA-014,-,LQAS21-015900,-76.0738394,3.685990911,2087.9,True
C-AMA-011,-,LQAS21-015897,-76.07269849,3.692093574,2146.6,True
C-AMA-008,-,LQAS21-015894,-76.07240571,3.741490966,2917.3,True
C-AMA-006,-,LQAS21-015892,-76.07076781,3.747718633,2970.8,True
C-AMA-004,-,LQAS21-015890,-76.06799075,3.751865354,3022.1,True
C-AMA-005,-,LQAS21-015891,-76.06753777,3.746826876,2930.4,True
C-AMA-002,-,LQAS21-015888,-76.06398017,3.65690916,1869.4,True
C-AMA-016,-,LQAS21-015902,-76.05704032,3.64402114,1949.1,True
C-AMA-038,-,LQAS21-015929,-76.05470246,3.64390602,1990.4,True
C-AMA-102,-,LQAS21-015969,-76.0509487,3.67209339,2001.8,True
C-AMA-039,-,LQAS21-015930,-76.05075175,3.619721046,2186.8,True
C-AMA-017,-,LQAS21-015903,-76.04992492,3.645989544,2093.2,True
C-AMA-045,-,LQAS21-015936,-76.03030876,3.691191056,2286.8,True
C-AMA-003,-,LQAS21-015889,-76.01839554,3.70512098,2427.5,True
C-AMA-046,-,LQAS21-015937,-76.01584528,3.706188295,2469.7,True
C-AMA-001,-,LQAS21-015887,-76.01122402,3.718698956,2686.2,True
